item,itemLabel,startDate,endDate,psid
Q107213763,Shaikh Abdul Hannan,2021-06-12,,Q107213763-4f35c088-46f2-36ee-025f-ae72d47cf30c
Q16014524,Muhammad Ghulam Tawab,1975-10-15,1976-04-30,Q16014524-4A8C9B95-4AE1-4734-B23F-8B8078230D38
Q25587546,Abu Esrar,2015-06-12,2018-06-12,Q25587546-69564A92-B819-4507-B02A-0EB5D79A3191
Q26132978,Fakhrul Azam,2002-04-08,2007-04-07,Q26132978-16EBDB4C-2EAF-4592-9D92-898CFB21A0CB
Q27016832,Enamul Bari,2012-06-13,2015-06-12,Q27016832-232D4EA6-FC1C-4B76-9C42-67C5756D667C
Q27916183,Altaf Hossain Chowdhury,1991-06-04,1995-06-03,Q27916183-792F718A-B426-42B2-BB0C-3D5BA21BB0A5
Q27916509,Jamal Uddin Ahmed,1995-06-04,2001-06-03,Q27916509-C48B8D33-6AFE-4BFE-880A-459CE86C8D95
Q27947566,Sadruddin Mohammad Hossain,1977-12-09,1981-07-22,Q27947566-C21CAE40-D20E-4CBE-BA5E-A63DF2332522
Q27947567,Momtaz Uddin Ahmed,1987-07-23,1991-06-04,Q27947567-D27E8B2F-9CB2-4973-90EE-00B1E71AC72F
Q27947569,Abdul Gafoor Mahmud,1976-09-05,1977-12-08,Q27947569-FE2C4E35-4FD1-4532-93C0-CAA62B560FCC
Q28179433,Sultan Mahmud,1981-07-23,1987-07-22,Q28179433-D3E7EE2B-FD6F-440B-83D3-2B277F3B6441
Q28225469,Mohammad Rafiqul Islam,2001-06-04,2002-04-08,Q28225469-8702B80A-35C3-4CEB-9AC8-9A26A0AE8874
Q4648033,A. K. Khandker,1972-04-07,1975-10-15,Q4648033-7AA71C6F-BA23-48A9-8093-E1A6F5CD6918
Q55084246,Masihuzzaman Serniabat,2018-06-12,2021-06-12,Q55084246-6F1F5F3C-B8C9-403C-B505-ACF8C4B607E9
Q6398869,Khademul Bashar,1976-05-01,1976-09-01,Q6398869-56C0FCE1-F383-4B67-85FE-696ACE63674A
Q7461312,Shah Mohammad Ziaur Rahman,2007-04-08,2012-06-12,Q7461312-347B9E64-99C6-412A-AC33-7E742A56D400
